{"cameraMode":{"drawMode":0,"name":"Shaded","section":"Shading Mode"},"sceneLighting":false,"audioPlay":false,"sceneViewState":{"showFog":false,"showMaterialUpdate":false,"showSkybox":false,"showFlares":false,"showImageEffects":false,"showParticleSystems":false},"in2DMode":false,"pivot":{"x":0.02681112289428711,"y":0.18182377517223359,"z":-0.001064583659172058},"rotation":{"x":-0.28905898332595827,"y":-0.32264646887779238,"z":0.10417759418487549,"w":-0.8952667117118836},"size":0.2792750597000122,"orthographic":false}