{"cameraMode":{"drawMode":0,"name":"Shaded","section":"Shading Mode"},"sceneLighting":true,"audioPlay":false,"sceneViewState":{"showFog":false,"showMaterialUpdate":false,"showSkybox":false,"showFlares":false,"showImageEffects":false,"showParticleSystems":false},"in2DMode":false,"pivot":{"x":-10.957612991333008,"y":-12.402692794799805,"z":2.7074127197265627},"rotation":{"x":0.03359665721654892,"y":-0.9664896726608276,"z":0.18066801130771638,"w":0.17946791648864747},"size":37.116310119628909,"orthographic":false}