{"cameraMode":{"drawMode":0,"name":"Shaded","section":"Shading Mode"},"sceneLighting":true,"audioPlay":false,"sceneViewState":{"showFog":false,"showMaterialUpdate":false,"showSkybox":false,"showFlares":false,"showImageEffects":false,"showParticleSystems":false},"in2DMode":false,"pivot":{"x":-13.417776107788086,"y":-26.616065979003908,"z":11.804008483886719},"rotation":{"x":0.06542414426803589,"y":-0.932566225528717,"z":0.28114137053489687,"w":0.21697989106178285},"size":30.31223487854004,"orthographic":false}