{"cameraMode":{"drawMode":0,"name":"Shaded","section":"Shading Mode"},"sceneLighting":false,"audioPlay":false,"sceneViewState":{"showFog":false,"showMaterialUpdate":false,"showSkybox":false,"showFlares":false,"showImageEffects":false,"showParticleSystems":false},"in2DMode":false,"pivot":{"x":-0.0009061768651008606,"y":0.30006152391433718,"z":0.00009026378393173218},"rotation":{"x":0.006649646442383528,"y":-0.9664641618728638,"z":0.02493477240204811,"w":0.2556590139865875},"size":0.3974904417991638,"orthographic":false}