{"cameraMode":{"drawMode":0,"name":"Shaded","section":"Shading Mode"},"sceneLighting":false,"audioPlay":false,"sceneViewState":{"showFog":false,"showMaterialUpdate":false,"showSkybox":false,"showFlares":false,"showImageEffects":false,"showParticleSystems":false},"in2DMode":false,"pivot":{"x":0.09323358535766602,"y":0.2704750895500183,"z":-0.07478857040405274},"rotation":{"x":0.01857530139386654,"y":-0.9695459604263306,"z":0.07753203064203263,"w":0.2317281812429428},"size":14.188217163085938,"orthographic":false}