{"cameraMode":{"drawMode":0,"name":"Shaded","section":"Shading Mode"},"sceneLighting":false,"audioPlay":false,"sceneViewState":{"showFog":false,"showMaterialUpdate":false,"showSkybox":false,"showFlares":false,"showImageEffects":false,"showParticleSystems":false},"in2DMode":false,"pivot":{"x":-0.0003845319151878357,"y":0.09759847074747086,"z":0.0004524439573287964},"rotation":{"x":-0.34830817580223086,"y":-0.014904892072081566,"z":0.005544052459299564,"w":-0.9372546672821045},"size":0.16160841286182404,"orthographic":false}