{"cameraMode":{"drawMode":0,"name":"Shaded","section":"Shading Mode"},"sceneLighting":false,"audioPlay":false,"sceneViewState":{"showFog":false,"showMaterialUpdate":false,"showSkybox":false,"showFlares":false,"showImageEffects":false,"showParticleSystems":false},"in2DMode":false,"pivot":{"x":2.384185791015625e-7,"y":0.00010017678141593933,"z":0.06902968883514404},"rotation":{"x":0.006649646442383528,"y":-0.9664641618728638,"z":0.02493477240204811,"w":0.2556590139865875},"size":0.778022289276123,"orthographic":false}